Function_Code,Address_HEX,Address_DEC,Access,Register_Name,Description,Min,Max,Default_Value,Multiplier,Unit,Information,Software_Version,Notes

# 01 - READ COILS
01,0x0005,5,R/-,duct_water_heater_pump,Stan wyjścia przekaźnika pompy obiegowej nagrzewnicy,0,1,,,"0 - OFF; 1 - ON",,
01,0x0009,9,R/-,bypass,Stan wyjścia siłownika przepustnicy bypass,0,1,,,"0 - OFF; 1 - ON",,
01,0x000A,10,R/-,info,Stan wyjścia sygnału potwierdzenia pracy centrali (O1),0,1,,,"0 - OFF; 1 - ON",4.84,
01,0x000B,11,R/-,power_supply_fans,Stan wyjścia przekaźnika zasilania wentylatorów,0,1,,,"0 - OFF; 1 - ON",,
01,0x000C,12,R/-,heating_cable,Stan wyjścia przekaźnika zasilania kabla grzejnego,0,1,,,"0 - OFF; 1 - ON",,
01,0x000D,13,R/-,work_permit,Stan wyjścia przekaźnika potwierdzenia pracy (Expansion),0,1,,,"0 - OFF; 1 - ON",,
01,0x000E,14,R/-,gwc,Stan wyjścia przekaźnika GWC,0,1,,,"0 - OFF; 1 - ON",,
01,0x000F,15,R/-,hood,Stan wyjścia zasilającego przepustnicę okapu,0,1,,,"0 - OFF; 1 - ON",,

# 02 - READ DISCRETE INPUTS
02,0x0000,0,R/-,duct_heater_protection,Stan wejścia zabezpieczenia termicznego elektrycznej nagrzewnicy kanałowej,0,1,,,"0 - OFF; 1 - ON",,
02,0x0001,1,R/-,expansion,Komunikacja z modułem Expansion,0,1,,,"0 - brak; 1 - jest",,
02,0x0003,3,R/-,dp_duct_filter_overflow,Stan wejścia presostatu filtra kanałowego,0,1,,,"0 - OFF; 1 - ON",,
02,0x0004,4,R/-,hood,Stan wejścia włącznika funkcji OKAP,0,1,,,"0 - OFF; 1 - ON",,
02,0x0005,5,R/-,contamination_sensor,Stan wejścia dwustanowego czujnika jakości powietrza,0,1,,,"0 - OFF; 1 - ON",,
02,0x0006,6,R/-,airing_sensor,Stan wejścia dwustanowego czujnika wilgotności,0,1,,,"0 - OFF; 1 - ON",,
02,0x0007,7,R/-,airing_switch,Stan wejścia włącznika funkcji WIETRZENIE,0,1,,,"0 - OFF; 1 - ON",,
02,0x000A,10,R/-,airing_mini,Stan wejścia przełącznika AirS w pozycji "Wietrzenie",0,1,,,"0 - OFF; 1 - ON",,
02,0x000B,11,R/-,fan_speed_3,Stan wejścia przełącznika AirS w pozycji "3 bieg",0,1,,,"0 - OFF; 1 - ON",,
02,0x000C,12,R/-,fan_speed_2,Stan wejścia przełącznika AirS w pozycji "2 bieg",0,1,,,"0 - OFF; 1 - ON",,
02,0x000D,13,R/-,fan_speed_1,Stan wejścia przełącznika AirS w pozycji "1 bieg",0,1,,,"0 - OFF; 1 - ON",,
02,0x000E,14,R/-,fireplace,Stan wejścia włącznika funkcji KOMINEK,0,1,,,"0 - OFF; 1 - ON",,
02,0x000F,15,R/-,fire_alarm,Stan wejścia sygnału alarmu pożarowego (P.POZ.),0,1,,,"0 - OFF; 1 - ON",,
02,0x0012,18,R/-,dp_ahu_filter_overflow,Stan wejścia presostatu filtrów w rekuperatorze (DP1),0,1,,,"0 - OFF; 1 - ON",,
02,0x0013,19,R/-,ahu_filter_protection,Stan wejścia zabezpieczenia termicznego nagrzewnicy systemu przeciwzamrożeniowego FPX,0,1,,,"0 - OFF; 1 - ON",,
02,0x0015,21,R/-,empty_house,Stan wejścia sygnału załączenia funkcji PUSTY DOM,0,1,,,"0 - OFF; 1 - ON",,

# 04 - READ INPUT REGISTER
04,0x0002,2,R/-,day_of_week,Bieżący dzień tygodnia dla trybu automatycznego,0,6,1,1,"0 - Poniedziałek; 1 - Wtorek; 2 - Środa; 3 - Czwartek; 4 - Piątek; 5 - Sobota; 6 - Niedziela",3.00,
04,0x0003,3,R/-,period,Bieżący odcinek czasowy dla trybu automatycznego,0,3,1,1,"0 - Odcinek czasowy 1; 1 - Odcinek czasowy 2; 2 - Odcinek czasowy 3; 3 - Odcinek czasowy 4",3.00,
04,0x000E,14,R/-,compilation_days,Data kompilacji oprogramowania Basic,0,65535,,1,d,"Liczba dni od 01.01.2000",,
04,0x000F,15,R/-,compilation_seconds,Godzina kompilacji oprogramowania Basic,0,43200,,2,s,"Liczba sekund od 00:00:00",,
04,0x0010,16,R/-,outside_temperature,Temperatura powietrza zewnętrznego (TZ1),-999,999,,0.1,°C,"Wartość 0x8000 (hex) / 32768 (dec) oznacza brak odczytu temperatury",,"*wartość maksymalna w przypadku odczytu temperatury"
04,0x0011,17,R/-,supply_temperature,Temperatura powietrza nawiewanego (TN1),-999,999,,0.1,°C,"Wartość 0x8000 (hex) / 32768 (dec) oznacza brak odczytu temperatury",,"*wartość maksymalna w przypadku odczytu temperatury"
04,0x0012,18,R/-,exhaust_temperature,Temperatura powietrza usuwanego z pomieszczenia (TP),-999,999,,0.1,°C,"Wartość 0x8000 (hex) / 32768 (dec) oznacza brak odczytu temperatury",,"*wartość maksymalna w przypadku odczytu temperatury"
04,0x0013,19,R/-,fpx_temperature,Temperatura powietrza za nagrzewnicą FPX (TZ2),-999,999,,0.1,°C,"Wartość 0x8000 (hex) / 32768 (dec) oznacza brak odczytu temperatury",,"*wartość maksymalna w przypadku odczytu temperatury"
04,0x0014,20,R/-,duct_supply_temperature,Temperatura powietrza za nagrzewnicą / chłodnicą kanałową (TN2),-999,999,,0.1,°C,"Wartość 0x8000 (hex) / 32768 (dec) oznacza brak odczytu temperatury",,"*wartość maksymalna w przypadku odczytu temperatury"
04,0x0015,21,R/-,gwc_temperature,Temperatura przed wymiennikiem systemu glikolowego GWC (TZ3),-999,999,,0.1,°C,"Wartość 0x8000 (hex) / 32768 (dec) oznacza brak odczytu temperatury",,"*wartość maksymalna w przypadku odczytu temperatury"
04,0x0016,22,R/-,ambient_temperature,Temperatura otoczenia (TO),-999,999,,0.1,°C,"Wartość 0x8000 (hex) / 32768 (dec) oznacza brak odczytu temperatury",,"*wartość maksymalna w przypadku odczytu temperatury"
04,0x0017,23,R/-,heating_temperature,Temperatura nagrzewnicy (TH),-999,999,,0.1,°C,"Wartość 0x8000 (hex) / 32768 (dec) oznacza brak odczytu temperatury",,"*wartość maksymalna w przypadku odczytu temperatury"
04,0x0018,24,R/-,serial_number_1,Numer seryjny sterownika - liczba 1,,,1,,"Przykład: dla wartości w rejestrach 0x0018 - 0x001D: 0x001a; 0x002b; 0x003c; 0x004d; 0x005e; 0x006f numer seryjny: S/N: 1a2b 3c4d 5e6f",,
04,0x0019,25,R/-,serial_number_2,Numer seryjny sterownika - liczba 2,,,1,,,,
04,0x001A,26,R/-,serial_number_3,Numer seryjny sterownika - liczba 3,,,1,,,,
04,0x001B,27,R/-,serial_number_4,Numer seryjny sterownika - liczba 4,,,1,,,,
04,0x001C,28,R/-,serial_number_5,Numer seryjny sterownika - liczba 5,,,1,,,,
04,0x001D,29,R/-,serial_number_6,Numer seryjny sterownika - liczba 6,,,1,,,,
04,0x010F,271,R/-,constant_flow_active,Status aktywności systemu Constant Flow,0,1,,1,"0 - nieaktywny; 1 - aktywny",,
04,0x0110,272,R/-,supply_percentage,Zadana intensywność wentylacji (nawiew),0,150,,1,%,"Zakres wartości podczas pracy ograniczony wartościami (0x04) 0x0114 oraz 0x0115",,
04,0x0111,273,R/-,exhaust_percentage,Zadana intensywność wentylacji (nawiew),0,150,,1,%,"Zakres wartości podczas pracy ograniczony wartościami (0x04) 0x0114 oraz 0x0115",,
04,0x0112,274,R/-,supply_flow_rate,Zadany strumień przepływu (nawiew),0,4095,,1,m3/h,"Strumień powietrza nawiewanego mierzony przez system CF",,
04,0x0113,275,R/-,exhaust_flow_rate,Zadany strumień przepływu (wywiew),0,4095,,1,m3/h,"Strumień powietrza nawiewanego mierzony przez system CF",,
04,0x0114,276,R/-,min_percentage,Minimalna możliwa do ustawienia intensywność wentylacji,10,10,,1,%,"Zakres dynamiczny - wartość jest zależna od instalacji i wartości nominalnych wydatków z kalibracji, nie mniejsza niż 10%",,
04,0x0115,277,R/-,max_percentage,Maksymalna możliwa do ustawienia intensywność wentylacji,150,150,,1,%,"Zakres dynamiczny - wartość jest zależna od instalacji i wartości nominalnych wydatków z kalibracji, nie większa niż 150%",,
04,0x012A,298,R/-,water_removal_active,Status działania procedury HEWR,0,1,1,1,"0 - brak (procedura nieaktywna); 1 - jest (trwa procedura)",4.80,

# 03 - READ HOLDING REGISTER
03,0x0000,0,R/W,date_time,Data i godzina - liczba dziesiątek / jedności roku i miesiąc [RRMM],0,99,,1,"[RR] - liczba dziesiątek i jedności roku; [MM] - miesiąc; [DD] - dzień miesiąca; [GG] - godziny; [mm] - minuty; [ss] - sekundy",,"Uwaga: wszystkie cztery rejestry muszą być odczytywane / zapisywane jednocześnie"
03,0x0001,1,R/W,date_time,Data i godzina - dzień miesiąca i dzień tygodnia [DDTT],1,31,,1,,"0 - Poniedziałek, ... , 6 - Niedziela",4.75,
03,0x0002,2,R/W,date_time,Data i godzina - godzina i minuta [GGmm],0,23,,1,h,,,
03,0x0003,3,R/W,date_time,Data i godzina - sekunda i setne części sekundy [sscc],0,59,,1,s,,,
03,0x0007,7,R/-,lock_date,Data zablokowania centrali kluczem produktu - liczba dziesiątek / jedności roku [00RR],0,99,,1,"[RR] - liczba dziesiątek i jedności roku; [MM] - miesiąc; [DD] - dzień miesiąca",,"Uwaga: wszystkie trzy rejestry muszą być odczytywane jednocześnie"
03,0x0008,8,R/-,lock_date,Data zablokowania centrali kluczem produktu - miesiąc [00MM],1,12,,1,miesiąc,"1 - Styczeń, ..., 12 - Grudzień",,
03,0x0009,9,R/-,lock_date,Data zablokowania centrali kluczem produktu - dzień [00DD],1,31,,1,dzień,,,
03,0x000D,13,R/W,configuration_mode,Tryby specjalne pracy centrali,0,242,,1,"0 - normalna praca; 47 - kontrola filtra wtórnego kanałowego (presostat); 65 - kontrola filtrów (AFC) + kontrola filtra wtórnego kanałowego",4.75,"Aby dezaktywować tryb specjalny lub przerwać / zakończyć procedurę należy wprowadzić wartość 0."
03,0x000F,15,R/W,access_level,Poziom dostępu,0,2,,1,"0 - użytkownik; 1 - serwis / instalator; 3 - producent",,"Należy zapisać pod tym adresem kod dostępu, a następnie odczytać wyznaczony poziom dostępu."

# HARMONOGRAM LATO (0x0010-0x002B)
03,0x0010,16,R/W,schedule_summer_mon_1,LATO - Poniedziałek - 1,0,23,6,1,h,"Rejestry zawierają: godzina [GG] i minuta [MM] rozpoczęcia odcinka czasowego w formacie bcd [GGMM]",,
03,0x0011,17,R/W,schedule_summer_mon_2,LATO - Poniedziałek - 2,0,23,8,1,h,,,
03,0x0012,18,R/W,schedule_summer_mon_3,LATO - Poniedziałek - 3,0,23,16,1,h,,,
03,0x0013,19,R/W,schedule_summer_mon_4,LATO - Poniedziałek - 4,0,23,22,1,h,,,
03,0x0014,20,R/W,schedule_summer_tue_1,LATO - Wtorek - 1,0,23,6,1,h,,,
03,0x0015,21,R/W,schedule_summer_tue_2,LATO - Wtorek - 2,0,23,8,1,h,,,
03,0x0016,22,R/W,schedule_summer_tue_3,LATO - Wtorek - 3,0,23,16,1,h,,,
03,0x0017,23,R/W,schedule_summer_tue_4,LATO - Wtorek - 4,0,23,22,1,h,,,
03,0x0018,24,R/W,schedule_summer_wed_1,LATO - Środa - 1,0,23,6,1,h,,,
03,0x0019,25,R/W,schedule_summer_wed_2,LATO - Środa - 2,0,23,8,1,h,,,
03,0x001A,26,R/W,schedule_summer_wed_3,LATO - Środa - 3,0,23,16,1,h,,,
03,0x001B,27,R/W,schedule_summer_wed_4,LATO - Środa - 4,0,23,22,1,h,,,
03,0x001C,28,R/W,schedule_summer_thu_1,LATO - Czwartek - 1,0,23,6,1,h,,,
03,0x001D,29,R/W,schedule_summer_thu_2,LATO - Czwartek - 2,0,23,8,1,h,,,
03,0x001E,30,R/W,schedule_summer_thu_3,LATO - Czwartek - 3,0,23,16,1,h,,,
03,0x001F,31,R/W,schedule_summer_thu_4,LATO - Czwartek - 4,0,23,22,1,h,,,
03,0x0020,32,R/W,schedule_summer_fri_1,LATO - Piątek - 1,0,23,6,1,h,,,
03,0x0021,33,R/W,schedule_summer_fri_2,LATO - Piątek - 2,0,23,8,1,h,,,
03,0x0022,34,R/W,schedule_summer_fri_3,LATO - Piątek - 3,0,23,16,1,h,,,
03,0x0023,35,R/W,schedule_summer_fri_4,LATO - Piątek - 4,0,23,22,1,h,,,
03,0x0024,36,R/W,schedule_summer_sat_1,LATO - Sobota - 1,0,23,6,1,h,,,
03,0x0025,37,R/W,schedule_summer_sat_2,LATO - Sobota - 2,0,23,8,1,h,,,
03,0x0026,38,R/W,schedule_summer_sat_3,LATO - Sobota - 3,0,23,16,1,h,,,
03,0x0027,39,R/W,schedule_summer_sat_4,LATO - Sobota - 4,0,23,22,1,h,,,
03,0x0028,40,R/W,schedule_summer_sun_1,LATO - Niedziela - 1,0,23,6,1,h,,,
03,0x0029,41,R/W,schedule_summer_sun_2,LATO - Niedziela - 2,0,23,8,1,h,,,
03,0x002A,42,R/W,schedule_summer_sun_3,LATO - Niedziela - 3,0,23,16,1,h,,,
03,0x002B,43,R/W,schedule_summer_sun_4,LATO - Niedziela - 4,0,23,22,1,h,,,

# HARMONOGRAM ZIMA (0x002C-0x0047)
03,0x002C,44,R/W,schedule_winter_mon_1,ZIMA - Poniedziałek - 1,0,23,6,1,h,"Rejestry zawierają: godzina [GG] i minuta [MM] rozpoczęcia odcinka czasowego w formacie bcd [GGMM]",,
03,0x002D,45,R/W,schedule_winter_mon_2,ZIMA - Poniedziałek - 2,0,23,8,1,h,,,
03,0x002E,46,R/W,schedule_winter_mon_3,ZIMA - Poniedziałek - 3,0,23,16,1,h,,,
03,0x002F,47,R/W,schedule_winter_mon_4,ZIMA - Poniedziałek - 4,0,23,23,1,h,,,
03,0x0030,48,R/W,schedule_winter_tue_1,ZIMA - Wtorek - 1,0,23,6,1,h,,,
03,0x0031,49,R/W,schedule_winter_tue_2,ZIMA - Wtorek - 2,0,23,8,1,h,,,
03,0x0032,50,R/W,schedule_winter_tue_3,ZIMA - Wtorek - 3,0,23,16,1,h,,,
03,0x0033,51,R/W,schedule_winter_tue_4,ZIMA - Wtorek - 4,0,23,23,1,h,,,
03,0x0034,52,R/W,schedule_winter_wed_1,ZIMA - Środa - 1,0,23,6,1,h,,,
03,0x0035,53,R/W,schedule_winter_wed_2,ZIMA - Środa - 2,0,23,8,1,h,,,
03,0x0036,54,R/W,schedule_winter_wed_3,ZIMA - Środa - 3,0,23,16,1,h,,,
03,0x0037,55,R/W,schedule_winter_wed_4,ZIMA - Środa - 4,0,23,23,1,h,,,
03,0x0038,56,R/W,schedule_winter_thu_1,ZIMA - Czwartek - 1,0,23,6,1,h,,,
03,0x0039,57,R/W,schedule_winter_thu_2,ZIMA - Czwartek - 2,0,23,8,1,h,,,
03,0x003A,58,R/W,schedule_winter_thu_3,ZIMA - Czwartek - 3,0,23,16,1,h,,,
03,0x003B,59,R/W,schedule_winter_thu_4,ZIMA - Czwartek - 4,0,23,23,1,h,,,
03,0x003C,60,R/W,schedule_winter_fri_1,ZIMA - Piątek - 1,0,23,6,1,h,,,
03,0x003D,61,R/W,schedule_winter_fri_2,ZIMA - Piątek - 2,0,23,8,1,h,,,
03,0x003E,62,R/W,schedule_winter_fri_3,ZIMA - Piątek - 3,0,23,16,1,h,,,
03,0x003F,63,R/W,schedule_winter_fri_4,ZIMA - Piątek - 4,0,23,23,1,h,,,
03,0x0040,64,R/W,schedule_winter_sat_1,ZIMA - Sobota - 1,0,23,6,1,h,,,
03,0x0041,65,R/W,schedule_winter_sat_2,ZIMA - Sobota - 2,0,23,8,1,h,,,
03,0x0042,66,R/W,schedule_winter_sat_3,ZIMA - Sobota - 3,0,23,16,1,h,,,
03,0x0043,67,R/W,schedule_winter_sat_4,ZIMA - Sobota - 4,0,23,22,1,h,,,
03,0x0044,68,R/W,schedule_winter_sun_1,ZIMA - Niedziela - 1,0,23,6,1,h,,,
03,0x0045,69,R/W,schedule_winter_sun_2,ZIMA - Niedziela - 2,0,23,8,1,h,,,
03,0x0046,70,R/W,schedule_winter_sun_3,ZIMA - Niedziela - 3,0,23,16,1,h,,,
03,0x0047,71,R/W,schedule_winter_sun_4,ZIMA - Niedziela - 4,0,23,22,1,h,,,

# NASTAWA INTENSYWNOŚCI LATO (0x0048-0x0063)
03,0x0048,72,R/W,setting_summer_mon_1,LATO - Poniedziałek - 1 [AATT],10,100,65,1,%,"Rejestry zawierają: intensywność wentylacji [AA] (%) oraz dwukrotność zadanej temperatury nawiewu [TT] (°C) w zapisie heksadecymalnym w formacie [0xAATT]",,
03,0x0049,73,R/W,setting_summer_mon_2,LATO - Poniedziałek - 2 [AATT],10,100,30,1,%,,,
03,0x004A,74,R/W,setting_summer_mon_3,LATO - Poniedziałek - 3 [AATT],10,100,40,1,%,,,
03,0x004B,75,R/W,setting_summer_mon_4,LATO - Poniedziałek - 4 [AATT],10,100,25,1,%,,,
03,0x004C,76,R/W,setting_summer_tue_1,LATO - Wtorek - 1 [AATT],10,100,65,1,%,,,
03,0x004D,77,R/W,setting_summer_tue_2,LATO - Wtorek - 2 [AATT],10,100,30,1,%,,,
03,0x004E,78,R/W,setting_summer_tue_3,LATO - Wtorek - 3 [AATT],10,100,40,1,%,,,
03,0x004F,79,R/W,setting_summer_tue_4,LATO - Wtorek - 4 [AATT],10,100,25,1,%,,,
03,0x0050,80,R/W,setting_summer_wed_1,LATO - Środa - 1 [AATT],10,100,65,1,%,,,
03,0x0051,81,R/W,setting_summer_wed_2,LATO - Środa - 2 [AATT],10,100,30,1,%,,,
03,0x0052,82,R/W,setting_summer_wed_3,LATO - Środa - 3 [AATT],10,100,40,1,%,,,
03,0x0053,83,R/W,setting_summer_wed_4,LATO - Środa - 4 [AATT],10,100,25,1,%,,,
03,0x0054,84,R/W,setting_summer_thu_1,LATO - Czwartek - 1 [AATT],10,100,65,1,%,,,
03,0x0055,85,R/W,setting_summer_thu_2,LATO - Czwartek - 2 [AATT],10,100,30,1,%,,,
03,0x0056,86,R/W,setting_summer_thu_3,LATO - Czwartek - 3 [AATT],10,100,40,1,%,,,
03,0x0057,87,R/W,setting_summer_thu_4,LATO - Czwartek - 4 [AATT],10,100,25,1,%,,,
03,0x0058,88,R/W,setting_summer_fri_1,LATO - Piątek - 1 [AATT],10,100,65,1,%,,,
03,0x0059,89,R/W,setting_summer_fri_2,LATO - Piątek - 2 [AATT],10,100,30,1,%,,,
03,0x005A,90,R/W,setting_summer_fri_3,LATO - Piątek - 3 [AATT],10,100,40,1,%,,,
03,0x005B,91,R/W,setting_summer_fri_4,LATO - Piątek - 4 [AATT],10,100,25,1,%,,,
03,0x005C,92,R/W,setting_summer_sat_1,LATO - Sobota - 1 [AATT],10,100,40,1,%,,,
03,0x005D,93,R/W,setting_summer_sat_2,LATO - Sobota - 2 [AATT],10,100,50,1,%,,,
03,0x005E,94,R/W,setting_summer_sat_3,LATO - Sobota - 3 [AATT],10,100,50,1,%,,,
03,0x005F,95,R/W,setting_summer_sat_4,LATO - Sobota - 4 [AATT],10,100,25,1,%,,,
03,0x0060,96,R/W,setting_summer_sun_1,LATO - Niedziela - 1 [AATT],10,100,40,1,%,,,
03,0x0061,97,R/W,setting_summer_sun_2,LATO - Niedziela - 2 [AATT],10,100,50,1,%,,,
03,0x0062,98,R/W,setting_summer_sun_3,LATO - Niedziela - 3 [AATT],10,100,50,1,%,,,
03,0x0063,99,R/W,setting_summer_sun_4,LATO - Niedziela - 4 [AATT],10,100,25,1,%,,,

# NASTAWA INTENSYWNOŚCI ZIMA (0x0064-0x007F)
03,0x0064,100,R/W,setting_winter_mon_1,ZIMA - Poniedziałek - 1 [AATT],10,100,70,1,%,"Rejestry zawierają: intensywność wentylacji [AA] (%) oraz dwukrotność zadanej temperatury nawiewu [TT] (°C) w zapisie heksadecymalnym w formacie [0xAATT]",,
03,0x0065,101,R/W,setting_winter_mon_2,ZIMA - Poniedziałek - 2 [AATT],10,100,30,1,%,,,
03,0x0066,102,R/W,setting_winter_mon_3,ZIMA - Poniedziałek - 3 [AATT],10,100,40,1,%,,,
03,0x0067,103,R/W,setting_winter_mon_4,ZIMA - Poniedziałek - 4 [AATT],10,100,30,1,%,,,
03,0x0068,104,R/W,setting_winter_tue_1,ZIMA - Wtorek - 1 [AATT],10,100,70,1,%,,,
03,0x0069,105,R/W,setting_winter_tue_2,ZIMA - Wtorek - 2 [AATT],10,100,30,1,%,,,
03,0x006A,106,R/W,setting_winter_tue_3,ZIMA - Wtorek - 3 [AATT],10,100,40,1,%,,,
03,0x006B,107,R/W,setting_winter_tue_4,ZIMA - Wtorek - 4 [AATT],10,100,30,1,%,,,
03,0x006C,108,R/W,setting_winter_wed_1,ZIMA - Środa - 1 [AATT],10,100,70,1,%,,,
03,0x006D,109,R/W,setting_winter_wed_2,ZIMA - Środa - 2 [AATT],10,100,30,1,%,,,
03,0x006E,110,R/W,setting_winter_wed_3,ZIMA - Środa - 3 [AATT],10,100,40,1,%,,,
03,0x006F,111,R/W,setting_winter_wed_4,ZIMA - Środa - 4 [AATT],10,100,30,1,%,,,
03,0x0070,112,R/W,setting_winter_thu_1,ZIMA - Czwartek - 1 [AATT],10,100,70,1,%,,,
03,0x0071,113,R/W,setting_winter_thu_2,ZIMA - Czwartek - 2 [AATT],10,100,30,1,%,,,
03,0x0072,114,R/W,setting_winter_thu_3,ZIMA - Czwartek - 3 [AATT],10,100,40,1,%,,,
03,0x0073,115,R/W,setting_winter_thu_4,ZIMA - Czwartek - 4 [AATT],10,100,30,1,%,,,
03,0x0074,116,R/W,setting_winter_fri_1,ZIMA - Piątek - 1 [AATT],10,100,70,1,%,,,
03,0x0075,117,R/W,setting_winter_fri_2,ZIMA - Piątek - 2 [AATT],10,100,30,1,%,,,
03,0x0076,118,R/W,setting_winter_fri_3,ZIMA - Piątek - 3 [AATT],10,100,40,1,%,,,
03,0x0077,119,R/W,setting_winter_fri_4,ZIMA - Piątek - 4 [AATT],10,100,30,1,%,,,
03,0x0078,120,R/W,setting_winter_sat_1,ZIMA - Sobota - 1 [AATT],10,100,30,1,%,,,
03,0x0079,121,R/W,setting_winter_sat_2,ZIMA - Sobota - 2 [AATT],10,100,40,1,%,,,
03,0x007A,122,R/W,setting_winter_sat_3,ZIMA - Sobota - 3 [AATT],10,100,40,1,%,,,
03,0x007B,123,R/W,setting_winter_sat_4,ZIMA - Sobota - 4 [AATT],10,100,25,1,%,,,
03,0x007C,124,R/W,setting_winter_sun_1,ZIMA - Niedziela - 1 [AATT],10,100,30,1,%,,,
03,0x007D,125,R/W,setting_winter_sun_2,ZIMA - Niedziela - 2 [AATT],10,100,40,1,%,,,
03,0x007E,126,R/W,setting_winter_sun_3,ZIMA - Niedziela - 3 [AATT],10,100,40,1,%,,,
03,0x007F,127,R/W,setting_winter_sun_4,ZIMA - Niedziela - 4 [AATT],10,100,25,1,%,,,

# HARMONOGRAM WIETRZENIA LATO (0x0080-0x0098)
03,0x0080,128,R/W,airing_summer_mon,LATO - Poniedziałek - Wietrzenie [GGMM],0,23,17,1,h,"Rejestry zawierają: godzinę [GG] i minutę [MM] rozpoczęcia wietrzenia w formacie bcd [GGMM]",,
03,0x0084,132,R/W,airing_summer_tue,LATO - Wtorek - Wietrzenie [GGMM],0,23,17,1,h,,,
03,0x0088,136,R/W,airing_summer_wed,LATO - Środa - Wietrzenie [GGMM],0,23,17,1,h,,,
03,0x008C,140,R/W,airing_summer_thu,LATO - Czwartek - Wietrzenie [GGMM],0,23,17,1,h,,,
03,0x0090,144,R/W,airing_summer_fri,LATO - Piątek - Wietrzenie [GGMM],0,23,17,1,h,,,
03,0x0094,148,R/W,airing_summer_sat,LATO - Sobota - Wietrzenie [GGMM],0,23,17,1,h,,,
03,0x0098,152,R/W,airing_summer_sun,LATO - Niedziela - Wietrzenie [GGMM],0,23,17,1,h,,,

# HARMONOGRAM WIETRZENIA ZIMA (0x009C-0x00B4)
03,0x009C,156,R/W,airing_winter_mon,ZIMA - Poniedziałek - Wietrzenie [GGMM],0,23,17,1,h,"Rejestry zawierają: godzinę [GG] i minutę [MM] rozpoczęcia wietrzenia w formacie bcd [GGMM]",,
03,0x00A0,160,R/W,airing_winter_tue,ZIMA - Wtorek - Wietrzenie [GGMM],0,23,17,1,h,,,
03,0x00A4,164,R/W,airing_winter_wed,ZIMA - Środa - Wietrzenie [GGMM],0,23,17,1,h,,,
03,0x00A8,168,R/W,airing_winter_thu,ZIMA - Czwartek - Wietrzenie [GGMM],0,23,17,1,h,,,
03,0x00AC,172,R/W,airing_winter_fri,ZIMA - Piątek - Wietrzenie [GGMM],0,23,17,1,h,,,
03,0x00B0,176,R/W,airing_winter_sat,ZIMA - Sobota - Wietrzenie [GGMM],0,23,17,1,h,,,
03,0x00B4,180,R/W,airing_winter_sun,ZIMA - Niedziela - Wietrzenie [GGMM],0,23,17,1,h,,,

# INNE USTAWIENIA
03,0x00C0,192,R/W,RTC_cal,Dane kalibracyjne zegara czasu rzeczywistego,0,255,198,1,,"Zakres wartości rzeczywistych: od (-127) do (+127)",,
03,0x00F0,240,R/-,CF_version,Wersja oprogramowania modułu CF lub (od 4.75) TG-02,,,1,,"Format zapisu wersji oprogramowania: [MM].[mm]",,
03,0x0100,256,R/-,supplyAirFlow,Wartość chwilowa strumienia powietrza - nawiew,0,65535,,1,m3/h,"0 - brak przepływu (CF aktywny); 65535 - CF nieaktywny",,
03,0x0101,257,R/-,exhaustAirFlow,Wartość chwilowa strumienia powietrza - wywiew,0,65535,,1,m3/h,,,
03,0x0500,1280,R/-,dac_supply,Napięcie sterujące wentylatorem nawiewnym (PWM),0,4095,,0.00244,V,"0 - 0.0V; 4095 - 10.0V",,
03,0x0501,1281,R/-,dac_exhaust,Napięcie sterujące wentylatorem wywiewnym (PWM),0,4095,,0.00244,V,"0 - 0.0V; 4095 - 10.0V",,
03,0x0502,1282,R/-,dac_heater,Napięcie sterujące nagrzewnicą kanałową (PWM),0,4095,,0.00244,V,"0 - 0.0V; 4095 - 10.0V",,
03,0x0503,1283,R/-,dac_cooler,Napięcie sterujące chłodnicą kanałową (PWM),0,4095,,0.00244,V,"0 - 0.0V; 4095 - 10.0V",,

# KONFIGURACJA CENTRALI
03,0x1015,4117,R/W,maxSupplyAirFlowRate,Maksymalna możliwa do ustawienia intensywność wentylacji (nawiew),100,150,100,1,%,"Wartość wyznaczona podczas procedury kalibracji",,
03,0x1016,4118,R/W,maxSupplyAirFlowRateGwc,Maksymalna możliwa do ustawienia intensywność wentylacji dla instalacji z GWC (nawiew),100,150,100,1,%,"Wartość wyznaczona podczas procedury kalibracji",,
03,0x1017,4119,R/W,maxExhaustAirFlowRate,Maksymalna możliwa do ustawienia intensywność wentylacji (wywiew),100,150,100,1,%,"Wartość wyznaczona podczas procedury kalibracji",,
03,0x1018,4120,R/W,maxExhaustAirFlowRateGwc,Maksymalna możliwa do ustawienia intensywność wentylacji dla instalacji z GWC (wywiew),100,150,100,1,%,"Wartość wyznaczona podczas procedury kalibracji",,
03,0x1060,4192,R/-,antifreezMode,Flaga uruchomienia systemu FPX,0,1,,1,"0 - brak; 1 - jest",,
03,0x1066,4198,R/-,antifreezStage,Tryb działania systemu FPX,0,2,,1,"0 - OFF; 1 - tryb FPX1; 2 - tryb FPX2",,
03,0x1070,4208,R/W,mode,Tryb pracy AirPack,0,2,0,1,"0 - automatyczny; 1 - manualny; 2 - chwilowy",,
03,0x1071,4209,R/W,seasonMode,Wybór harmonogramu - tryb AUTOMATYCZNY,0,1,0,1,"0 - LATO; 1 - ZIMA",,
03,0x1072,4210,R/W,airFlowRateManual,Intensywność wentylacji - tryb MANUALNY,10,100,30,1,%,,,
03,0x1073,4211,R/W,airFlowRateTemporary,Intensywność wentylacji - tryb CHWILOWY,10,100,,1,%,"*brak wart. domyślnej, nastawa użytkownika",,
03,0x1074,4212,R/W,supplyAirTemperatureManual,Zadana temperatura nawiewu - tryb MANUALNY,20,90,40,0.5,°C,"Nastawa dotyczy trybu KOMFORT",,
03,0x1075,4213,R/W,supplyAirTemperatureTemporary,Zadana temperatura nawiewu - tryb CHWILOWY,20,90,,0.5,°C,"*brak wart. domyślnej, nastawa użytkownika; Nastawa dotyczy trybu KOMFORT",,
03,0x1078,4216,R/W,fanSpeed1Coef,Nastawa intensywności wentylacji - "1 bieg" - panel AirS,10,45,30,1,%,,,
03,0x1079,4217,R/W,fanSpeed2Coef,Nastawa intensywności wentylacji - "2 bieg" - panel AirS,46,75,60,1,%,,,
03,0x107A,4218,R/W,fanSpeed3Coef,Nastawa intensywności wentylacji - "3 bieg" - panel AirS,76,100,100,1,%,,,
03,0x107B,4219,R/W,manualAiringTimeToStart,Godzina rozpoczęcia wietrzenia w trybie MANUALNYM [GGMM],0,23,12,1,h,"[GG] - godzina rozpoczęcia; [MM] - minuta rozpoczęcia",,
03,0x1080,4224,R/W,specialMode,Funkcje specjalne,0,11,,1,"0 - brak; 1 - OKAP; 2 - KOMINEK; 3 - WIETRZENIE (przeł. dzwonkowy); 4 - WIETRZENIE (przełącznik ON/OFF); 5 - H2O/WIETRZENIE (higrostat); 6 - JP/WIETRZENIE (cz. jakości pow.); 7 - WIETRZENIE (aktywacja ręczna); 8 - WIETRZENIE (tryb AUTOMATYCZNY); 9 - WIETRZENIE (tryb MANUALNY); 10 - OTWARTE OKNA; 11 - PUSTY DOM",,

# FUNKCJE SPECJALNE - KOEFICJENTY
03,0x1082,4226,R/W,hoodSupplyCoef,Intensywność wentylacji dla funkcji OKAP (nawiew),100,150,100,1,%,"Dotyczy funkcji OKAP: typ 1 (bez wentylatora) oraz typ 2 (z went.) załączanej wejściem sygnałowym OK (przełącznik ON/OFF)",,
03,0x1083,4227,R/W,hoodExhaustCoef,Intensywność wentylacji dla funkcji OKAP (wywiew),100,150,100,1,%,"Dotyczy funkcji OKAP: typ 1 (bez wentylatora) załączanej wejściem sygnałowym OK (przełącznik ON/OFF)",,
03,0x1084,4228,R/W,fireplaceSupplyCoef,Różnicowanie strumieni dla funkcji KOMINEK,5,50,20,1,%,"Nastawa wartości, o jaką zwiększana jest intensywność nawiewu względem wywiewu",,
03,0x1085,4229,R/W,airingBathroomCoef,Intensywność wentylacji dla funkcji WIETRZENIE - Funkcja specjalna nr: 3, 4, 5 (łazienka),100,150,100,1,%,"Dotyczy funkcji WIETRZENIE załączanej przełącznikiem lub sygnałem z higrostatu",,
03,0x1086,4230,R/W,airingCoef,Intensywność wentylacji dla funkcji WIETRZENIE - Funkcja specjalna nr: 7, 8, 9 (pokoje),100,150,100,1,%,"Dotyczy funkcji WIETRZENIE załączanej ręcznie lub na podstawie harmonogramu",,
03,0x1087,4231,R/W,contaminationCoef,Intensywność wentylacji dla funkcji WIETRZENIE - Funkcja specjalna nr: 6 (usuwanie zanieczyszczeń),100,150,100,1,%,"Dotyczy funkcji WIETRZENIE załączanej sygnałem z czujnika jakości powietrza",,
03,0x1088,4232,R/W,emptyHouseCoef,Intensywność wentylacji dla funkcji PUSTY DOM,10,50,20,1,%,"Dotyczy funkcji PUSTY DOM załączanej wejściem sygnałowym PD lub ręcznie",,
03,0x1089,4233,R/W,airingPanelModeTime,Czas działania funkcji WIETRZENIE - Funkcja specjalna nr: 7, 8, 9 (pokoje),1,45,5,1,min,"Dotyczy funkcji WIETRZENIE załączanej ręcznie lub na podstawie harmonogramu",,
03,0x108A,4234,R/W,airingSwitchModeTime,Czas działania funkcji WIETRZENIE - Funkcja specjalna nr: 3 (łazienka),1,45,5,1,min,"Dotyczy funkcji WIETRZENIE załączanej przełącznikiem dzwonkowym",,
03,0x108B,4235,R/W,airingSwitchModeOnDelay,Opóźnienie załączenia funkcji WIETRZENIE - Funkcja specjalna nr: 4 (łazienka),0,20,0,1,min,"Dotyczy funkcji WIETRZENIE załączanej przełącznikiem ON/OFF",,
03,0x108C,4236,R/W,airingSwitchModeOffDelay,Opóźnienie wyłączenia funkcji WIETRZENIE - Funkcja specjalna nr: 4 (łazienka),0,20,0,1,min,"Dotyczy funkcji WIETRZENIE załączanej przełącznikiem ON/OFF",,
03,0x108D,4237,R/W,fireplaceModeTime,Czas działania funkcji KOMINEK,1,10,1,1,min,"Dotyczy funkcji KOMINEK załączanej wejściem sygnałowym K (przełącznik) lub z panelu",,
03,0x108E,4238,R/W,airingSwitchCoef,Intensywność wentylacji dla funkcji WIETRZENIE - Funkcja specjalna nr: 3, 4,100,150,100,1,%,"Dotyczy funkcji WIETRZENIE załączanej przełącznikiem ON/OFF lub przełącznikiem dzwonkowym",4.85,
03,0x108F,4239,R/W,openWindowCoef,Intensywność wentylacji dla funkcji OTWARTE OKNA (wywiew),10,100,100,1,%,"0-100 - nastawa intensywności wentylacji; 101 - intensywność wentylacji z aktywnego trybu automatycznego / manualnego",3.72,

# KONTROLA FILTRÓW
03,0x1094,4244,R/W,presCheckDay,Dzień tygodnia, w którym przeprowadzana będzie procedura automatycznej kontroli filtrów,0,6,0,1,"0 - Poniedziałek; 1 - Wtorek; 2 - Środa; 3 - Czwartek; 4 - Piątek; 5 - Sobota; 6 - Niedziela",,"dotyczy central wyposażonych w presostat / filtr kanałowy z presostatem"
03,0x1095,4245,R/W,presCheckTime,Godzina i minuta rozpoczęcia automatycznej procedury kontroli filtrów [GGMM],0,23,12,1,h,"Rejestr zawiera godzinę [GG] i minutę [MM] rozpoczęcia procedury",,

# GWC SYSTEM
03,0x10A0,4256,R/W,gwcOff,Dezaktywacja działania GWC,0,1,0,1,"0 - aktywny; 1 - nieaktywny (pasywny)",,
03,0x10A1,4257,R/W,minGwcAirTemperature,Dolny próg temperatury załączenia funkcji GWC,0,20,10,0.5,°C,"Wartość temperatury powietrza zewnętrznego, poniżej której następuje załączenie GWC (tryb zima)",,
03,0x10A2,4258,R/W,maxGwcAirTemperature,Górny próg temperatury załączenia funkcji GWC,30,80,50,0.5,°C,"Wartość temperatury powietrza zewnętrznego, powyżej której następuje załączenie GWC (tryb lato)",,
03,0x10A6,4262,R/W,gwcRegen,Wybór typu regeneracji złoża GWC,0,2,0,1,"0 - brak regeneracja nieaktywna; 1 - dobowa regeneracja okresowa (harmonogram); 2 - temperaturowa regeneracja aktywowana różnicą temperatur",,
03,0x10A7,4263,R/-,gwcMode,Aktualny status działania GWC,0,2,,1,"0 - GWC nieaktywny brak warunków do załączenia GWC; 1 - tryb zima temperatura powietrza zewnętrznego niższa od dolnego progu załączenia GWC; 2 - tryb lato temperatura powietrza zewnętrznego wyższa od górnego progu załączenia GWC",,
03,0x10A8,4264,R/W,gwcRegenPeriod,Czas trwania regeneracji złoża GWC dla regeneracji temperaturowej,4,8,4,1,h,,,
03,0x10AA,4266,R/W,deltaTGwc,Różnica temperatur warunkująca załączenie regeneracji temperaturowej złoża GWC,0,10,0,0.5,°C,"Różnica temperatur powietrza zewnętrznego z czerpni i z wymiennika GWC",,
03,0x10AB,4267,R/W,startGwcRegenWinterTime,Godzina i minuta rozpoczęcia regeneracji zimą [GGMM] w przypadku regeneracji dobowej (harmonogram),0,23,5,1,h,"Rejestr zawiera godzinę [GG] i minutę [MM] rozpoczęcia regeneracji w trybie zimowym GWC",,
03,0x10AC,4268,R/W,stopGwcRegenWinterTime,Godzina i minuta zakończenia regeneracji zimą [GGMM] w przypadku regeneracji dobowej (harmonogram),0,23,17,1,h,"Rejestr zawiera godzinę [GG] i minutę [MM] zakończenia regeneracji w trybie zimowym GWC",,
03,0x10AD,4269,R/W,startGwcRegenSummerTime,Godzina i minuta rozpoczęcia regeneracji latem [GGMM] w przypadku regeneracji dobowej (harmonogram),0,23,19,1,h,"Rejestr zawiera godzinę [GG] i minutę [MM] rozpoczęcia regeneracji w trybie letnim GWC",,
03,0x10AE,4270,R/W,stopGwcRegenSummerTime,Godzina i minuta zakończenia regeneracji latem [GGMM] w przypadku regeneracji dobowej (harmonogram),0,23,7,1,h,"Rejestr zawiera godzinę [GG] i minutę [MM] zakończenia regeneracji w trybie letnim GWC",,
03,0x10AF,4271,R/-,gwcRegenFlag,Flaga informująca o aktywnym trybie regeneracji złoża GWC,0,1,,1,"0 - brak; 1 - jest",,

# TRYB KOMFORT
03,0x10D0,4304,R/W,comfortModePanel,Wybór trybu pracy AirPack - EKO / KOMFORT,0,1,0,1,"0 - EKO; 1 - KOMFORT",,
03,0x10D1,4305,R/-,comfortMode,Aktualny status trybu KOMFORT,0,2,,1,"0 - KOMFORT nieaktywny; 1 - funkcja grzania; 2 - funkcja chłodzenia",,

# BYPASS SYSTEM
03,0x10E0,4320,R/W,bypassOff,Dezaktywacja działania bypass,0,1,0,1,"0 - aktywny; 1 - nieaktywny (pasywny)",,
03,0x10E1,4321,R/W,minBypassTemperature,Minimalna temperatura powietrza zewnętrznego warunkująca załączenie bypass,10,40,20,0.5,°C,"Temperatura powietrza zewnętrznego (TZ1) poniżej której bypass jest nieaktywny",,
03,0x10E2,4322,R/W,airTemperatureSummerFreeHeating,Temperatura aktywacji działania bypass w funkcji grzania (freeheating),30,60,38,0.5,°C,"Temperatura powietrza w pomieszczeniach (TP) poniżej której aktywowany jest bypass",,
03,0x10E3,4323,R/W,airTemperatureSummerFreeCooling,Temperatura aktywacji działania bypass w funkcji chłodzenia (freecooling),30,60,40,0.5,°C,"Temperatura powietrza w pomieszczeniach (TP) powyżej której aktywowany jest bypass",,
03,0x10EA,4330,R/-,bypassMode,Aktualny status bypass,0,2,,1,"0 - bypass nieaktywny; 1 - funkcja grzania (freeheating); 2 - funkcja chłodzenia (freecooling)",,
03,0x10EB,4331,R/W,bypassUserMode,Tryb pracy / sposób realizacji funkcji bypass,1,3,1,1,"1 - tryb 1 tylko zmiana położenia przepustnicy; 2 - tryb 2 praca przepustn.+ różnicowanie strumieni; 3 - tryb 3 praca przepustn. + wyłączenie went. wywiewu",,
03,0x10EC,4332,R/W,bypassCoef1,Różnicowanie strumieni (wywiew < nawiew) dla bypass działającego w trybie 2,10,100,50,1,%,,,
03,0x10ED,4333,R/W,bypassCoef2,Zadana intensywność wentylacji (nawiew) dla bypass działającego w trybie 2 lub 3,10,150,50,1,%,"10-150 - intensywność went. (nawiew); 151 - intensywność wentylacji (nawiew) z trybu automatycznego / manualnego",4.81,

# NOMINALNE WARTOŚCI
03,0x1102,4354,R/W,nominalSupplyAirFlow,Nominalny strumień powietrza nawiewanego,110,1900,,1,m3/h,"Wartość przypisana do nastawy 100% intensywności wentylacji",,
03,0x1103,4355,R/W,nominalExhaustAirFlow,Nominalny strumień powietrza wywiewanego,110,1900,,1,m3/h,"Wartość przypisana do nastawy 100% intensywności wentylacji",,
03,0x1104,4356,R/W,nominalSupplyAirFlowGWC,Nominalny strumień powietrza nawiewanego dla działającego GWC powietrznego (typ 1),110,1900,,1,m3/h,"Wartość przypisana do nastawy 100% intensywności wentylacji przy działającym GWC powietrznym",,
03,0x1105,4357,R/W,nominalExhaustAirFlowGWC,Nominalny strumień powietrza wywiewanego dla działającego GWC powietrznego (typ 1),110,1900,,1,m3/h,"Wartość przypisana do nastawy 100% intensywności wentylacji przy działającym GWC powietrznym",,

# ALARMY I BŁĘDY
03,0x1120,4384,R/-,stopAhuCode,Kod alarmu zatrzymującego pracę AirPack,0,98,,1,"0 - brak alarmu blokującego (typ S); 1-98 - numer alarmu typu S",,
03,0x1123,4387,R/W,onOffPanelMode,ON / OFF - załączanie urządzenia,0,1,0,1,"0 - OFF (urządzenie wyłączone); 1 - ON (urządzenie włączone)",,
03,0x112F,4399,R/W,language,Wybór języka panelu Air++,0,4,0,1,"0 - PL; 1 - EN; 2 - RU; 3 - UK; 4 - SK",3.11,

# TRYBY CHWILOWE
03,0x1130,4400,R/W,cfgMode1,Tryb pracy AirPack - równorzędny z 0x1133,0,2,0,1,"0 - automatyczny; 1 - manualny; 2 - chwilowy",,
03,0x1131,4401,R/W,airFlowRateTemporary,Intensywność wentylacji - tryb CHWILOWY,10,100,,1,%,"*brak wart. domyślnej, nastawa użytkownika",,
03,0x1132,4402,R/W,airflowRateChangeFlag,Flaga wymuszenia / aktywacji trybu CHWILOWEGO - zmiana intensywności wentylacji,0,1,,1,"0 - brak; 1 - jest",,
03,0x1133,4403,R/W,cfgMode2,Tryb pracy AirPack - równorzędny z 0x1130,0,2,0,1,"0 - automatyczny; 1 - manualny; 2 - chwilowy",,
03,0x1134,4404,R/W,supplyAirTemperatureTemporary,Zadana temperatura nawiewu - tryb CHWILOWY,20,90,,0.5,°C,"*brak wart. domyślnej, nastawa użytkownika",,
03,0x1135,4405,R/W,temperatureChangeFlag,Flaga wymuszenia / aktywacji trybu CHWILOWEGO - zmiana wartości zadanej temperatury nawiewu,0,1,,1,"0 - brak; 1 - jest",,

# RESET USTAWIEŃ
03,0x113D,4413,R/W,hard_reset_settings,Reset ustawień użytkownika,0,1,,1,"0 - brak; 1 - jest",,
03,0x113E,4414,R/W,hard_reset_schedule,Reset ustawień trybów pracy,0,1,,1,"0 - brak; 1 - jest",,

# KONTROLA FILTRÓW - DODATKOWE
03,0x1150,4432,R/W,presCheckDay,Dzień tygodnia, w którym przeprowadzana będzie procedura automatycznej kontroli filtrów,0,6,0,1,"0 - Poniedziałek; 1 - Wtorek; 2 - Środa; 3 - Czwartek; 4 - Piątek; 5 - Sobota; 6 - Niedziela",,"dotyczy central w presostat / filtr kanałowy z presostatem"
03,0x1151,4433,R/W,presCheckTime,Godzina i minuta rozpoczęcia automatycznej procedury kontroli filtrów [GGMM],0,23,12,1,h,"Rejestr zawiera godzinę [GG] i minutę [MM] rozpoczęcia procedury",,

# KOMUNIKACJA MODBUS
03,0x1164,4452,R/W,uart0Id,Nastawy komunikacji Modbus - port Air-B ID urządzenia,10,19,10,1,,4.76,
03,0x1165,4453,R/W,uart0Baud,Nastawy komunikacji Modbus - port Air-B Szybkość transmisji,0,8,1,3,"0 - 4800; 1 - 9600; 2 - 14400; 3 - 19200; 4 - 28800; 5 - 38400; 6 - 57600; 7 - 76800; 8 - 115200",4.76,
03,0x1166,4454,R/W,uart0Parity,Nastawy komunikacji Modbus - port Air-B Parzystość,0,2,0,1,"0 - brak; 1 - parzysty; 2 - nieparzysty",4.76,
03,0x1167,4455,R/W,uart0Stop,Nastawy komunikacji Modbus - port Air-B Bity stopu,0,1,0,1,"0 - jeden; 1 - dwa",4.76,
03,0x1168,4456,R/W,uart1Id,Nastawy komunikacji Modbus - port Air++ ID urządzenia,10,19,10,1,,4.76,
03,0x1169,4457,R/W,uart1Baud,Nastawy komunikacji Modbus - port Air++ Szybkość transmisji,0,8,1,3,"0 - 4800; 1 - 9600; 2 - 14400; 3 - 19200; 4 - 28800; 5 - 38400; 6 - 57600; 7 - 76800; 8 - 115200",4.76,
03,0x116A,4458,R/W,uart1Parity,Nastawy komunikacji Modbus - port Air++ Parzystość,0,2,0,1,"0 - brak; 1 - parzysty; 2 - nieparzysty",4.76,
03,0x116B,4459,R/W,uart1Stop,Nastawy komunikacji Modbus - port Air++ Bity stopu,0,1,0,1,"0 - jeden; 1 - dwa",4.76,

# NAZWA URZĄDZENIA
03,0x1FD0,8144,R/W,deviceName,Nazwa urządzenia,0,65535,0,1,"Znaki zapisane w systemie ASCII",,
03,0x1FD1,8145,R/W,deviceName,Nazwa urządzenia,0,65535,0,1,"W jednym rejestrze zapisane są dwa znaki: bity b15-b8 -> znak pierwszy od lewej; bity b7-b0 -> znak drugi od lewej",,
03,0x1FD2,8146,R/W,deviceName,Nazwa urządzenia,0,65535,0,1,,,
03,0x1FD3,8147,R/W,deviceName,Nazwa urządzenia,0,65535,0,1,,,
03,0x1FD4,8148,R/W,deviceName,Nazwa urządzenia,0,65535,0,1,,,
03,0x1FD5,8149,R/W,deviceName,Nazwa urządzenia,0,65535,0,1,,,
03,0x1FD6,8150,R/W,deviceName,Nazwa urządzenia,0,65535,0,1,,,
03,0x1FD7,8151,R/W,deviceName,Nazwa urządzenia,0,65535,0,1,,,

# KLUCZ PRODUKTU
03,0x1FFB,8187,R/W,lockPass1,Klucz produktu użytkownika słowo młodsze,0,0x423f,0,1,"Pod tymi adresami można zapisać klucz produktu wprowadzony przez użytkownika",,
03,0x1FFC,8188,R/W,lockPass2,Klucz produktu użytkownika słowo starsze,0,0x000f,0,1,,,
03,0x1FFD,8189,R/W,lockFlag,Aktywacja blokady urządzenia,0,1,0,1,"0 - blokada nieaktywna; 1 - blokada aktywna",,
03,0x1FFE,8190,R/-,requiredTemperature,Temperatura zadana trybu KOMFORT,20,90,40,0.5,°C,,,
03,0x1FFF,8191,R/W,filterChange,System kontroli filtrów / typ filtrów,1,4,1,1,"1 - presostat; 2 - filtry płaskie; 3 - filtry CleanPad; 4 - filtry CleanPad Pure",,

# ALARMY - SEKCJA 0x2000
03,0x2000,8192,R/-,alarm,Alarmy - Flaga informująca o wystąpieniu ostrzeżenia - alarm "E",0,1,,1,"0 - brak; 1 - jest",,
03,0x2001,8193,R/-,error,Alarmy - Flaga informująca o wystąpieniu błędu - alarm "S",0,1,,1,"0 - brak; 1 - jest",,
03,0x2002,8194,R/W,S2,Błąd komunikacji I2C,0,1,,1,"0 - brak; 1 - jest",4.75,
03,0x2006,8198,R/W,S6,Zabezpieczenie termiczne nagrzewnicy FPX zadziałało maksymalną ilość razy w określonym czasie,0,1,,1,"0 - brak; 1 - jest",,
03,0x2007,8199,R/W,S7,Brak możliwości kalibracji urządzenia ze względu na zbyt niską temperaturę powietrza zewnętrznego,0,1,,1,"0 - brak; 1 - jest",,
03,0x2008,8200,R/W,S8,Sygnalizacja konieczności wprowadzenia klucza produktu,0,1,,1,"0 - brak; 1 - jest",,
03,0x2009,8201,R/W,S9,Centrala zatrzymana z panelu AirS,0,1,,1,"0 - brak; 1 - jest",,
03,0x200A,8202,R/W,S10,Zadziałał czujnik PPOŻ,0,1,,1,"0 - brak; 1 - jest",,
03,0x200D,8205,R/W,S13,Centrala zatrzymana z panelu Air+ lub AirL+, Air++ lub AirMobile,0,1,,1,"0 - brak; 1 - jest",,
03,0x200E,8206,R/W,S14,Zabezpieczenie przeciwzamrożeniowe nagrzewnicy wodnej zadziałało maksymalną ilość razy,0,1,,1,"0 - brak; 1 - jest",,
03,0x200F,8207,R/W,S15,Zabezpieczenie przeciwzamrożeniowe nagrzewnicy wodnej nie przyniosło oczekiwanych rezultatów,0,1,,1,"0 - brak; 1 - jest",,
03,0x2010,8208,R/W,S16,Zadziałało zabezpieczenie termiczne nagrzewnicy elektrycznej w centrali przy aktywnym systemie FPX,0,1,,1,"0 - brak; 1 - jest",,
03,0x2011,8209,R/W,S17,Nie zostały wymienione filtry w centrali (w przypadku centrali wyposażonej w presostat),0,1,,1,"0 - brak; 1 - jest",,
03,0x2013,8211,R/W,S19,Nie zostały wymienione filtry w centrali (w przypadku centrali nie wyposażonej w presostat),0,1,,1,"0 - brak; 1 - jest",,
03,0x2014,8212,R/W,S20,Nie został wymieniony filtr kanałowy,0,1,,1,"0 - brak; 1 - jest",,
03,0x2016,8214,R/W,S22,Nie zadziałało zabezpieczenie przeciwzamrożeniowe wymiennika rekuperacyjnego (FPX),0,1,,1,"0 - brak; 1 - jest",,
03,0x2017,8215,R/W,S23,Uszkodzony czujnik temperatury powietrza na wlocie do wymiennika rekuperacyjnego przy temperaturze powietrza zewnętrznego stanowiącej warunki do zadziałania systemu FPX,0,1,,1,"0 - brak; 1 - jest",,
03,0x2018,8216,R/W,S24,Uszkodzony czujnik temperatury powietrza w kanale nawiewnym za nagrzewnicą wodną,0,1,,1,"0 - brak; 1 - jest",,
03,0x2019,8217,R/W,S25,Uszkodzony czujnik temperatury powietrza zewnętrznego,0,1,,1,"0 - brak; 1 - jest",,
03,0x201A,8218,R/W,S26,Uszkodzony czujnik temperatury powietrza zewnętrznego oraz czujnik temperatury powietrza dla glikolowego GWC,0,1,,1,"0 - brak; 1 - jest",,
03,0x201D,8221,R/W,S29,Zbyt wysoka temperatura przed rekuperatorem,0,1,,1,"0 - brak; 1 - jest",,
03,0x201E,8222,R/W,S30,Nie działa wentylator nawiewny,0,1,,1,"0 - brak; 1 - jest",,
03,0x201F,8223,R/W,S31,Nie działa wentylator wywiewny,0,1,,1,"0 - brak; 1 - jest",,
03,0x2020,8224,R/W,S32,Brak komunikacji z modułem TG-02,0,1,,1,"0 - brak; 1 - jest",4.82,

# ALARMY E - SEKCJA 0x2063+
03,0x2063,8291,R/W,E99,Sygnalizacja konieczności wprowadzenia klucza produktu centrali wentylacyjnej AirPack,0,1,,1,"0 - brak; 1 - jest",,
03,0x2064,8292,R/W,E100,Brak odczytu z czujnika temperatury powietrza zewnętrznego - CZERPNIA (TZ1),0,1,,1,"0 - brak; 1 - jest",,
03,0x2065,8293,R/W,E101,Brak odczytu z czujnika temperatury powietrza nawiewanego - NAWIEW (TN1),0,1,,1,"0 - brak; 1 - jest",,
03,0x2066,8294,R/W,E102,Brak odczytu z czujnika temperatury powietrza usuwanego z pomieszczeń - WYWIEW (TP),0,1,,1,"0 - brak; 1 - jest",,
03,0x2067,8295,R/W,E103,Brak odczytu z czujnika temperatury powietrza na wlocie do wymiennika rekuperacyjnego - FPX (TZ2),0,1,,1,"0 - brak; 1 - jest",,
03,0x2068,8296,R/W,E104,Brak odczytu z czujnika temperatury powietrza w pomieszczeniu, w którym jest zamontowana centrala (TO),0,1,,1,"0 - brak; 1 - jest",,
03,0x2069,8297,R/W,E105,Brak odczytu z czujnika temperatury powietrza nawiewanego za wymiennikiem kanałowym (TN2),0,1,,1,"0 - brak; 1 - jest",,
03,0x206A,8298,R/W,E106,Brak odczytu z czujnika temperatury powietrza zewnętrznego glikolowego GWC (TZ3),0,1,,1,"0 - brak; 1 - jest",,
03,0x208A,8330,R/W,E138,Awaria czujnika CF wentylatora nawiewnego - Brak komunikacji z przetwornikiem ciśnienia wentylatora,0,1,,1,"0 - brak; 1 - jest",,
03,0x208B,8331,R/W,E139,Awaria czujnika CF wentylatora wywiewnego - Brak komunikacji z przetwornikiem ciśnienia wentylatora,0,1,,1,"0 - brak; 1 - jest",,
03,0x2098,8344,R/W,E152,Temperatura powietrza usuwanego z pomieszczeń wyższa od maksymalnej,0,1,,1,"0 - brak; 1 - jest",,
03,0x20C6,8390,R/W,E196,Regulacja instalacji nie została wykonana,0,1,,1,"0 - brak; 1 - jest",4.85,
03,0x20C7,8391,R/W,E197,Regulacja instalacji została przerwana,0,1,,1,"0 - brak; 1 - jest",4.85,
03,0x20C8,8392,R/W,E198,Brak komunikacji z modułem CF2,0,1,,1,"0 - brak; 1 - jest",4.80,
03,0x20C9,8393,R/W,E199,Brak komunikacji z modułem CF,0,1,,1,"0 - brak; 1 - jest",4.80,
03,0x20CA,8394,R/W,E200,Zadziałało zabezpieczenie termiczne nagrzewnicy elektrycznej w centrali,0,1,,1,"0 - brak; 1 - jest",,
03,0x20CB,8395,R/W,E201,Zadziałało zabezpieczenie termiczne nagrzewnicy elektrycznej w kanale,0,1,,1,"0 - brak; 1 - jest",,
03,0x20F9,8441,R/W,E249,Brak komunikacji z modułem Expansion,0,1,,1,"0 - brak; 1 - jest",,
03,0x20FA,8442,R/W,E250,Sygnalizacja konieczności wymiany filtrów w centrali nie wyposażonej w presostat,0,1,,1,"0 - brak; 1 - jest",,
03,0x20FB,8443,R/W,E251,Sygnalizacja konieczności wymiany filtra kanałowego,0,1,,1,"0 - brak; 1 - jest",,
03,0x20FC,8444,R/W,E252,Sygnalizacja konieczności wymiany filtrów w centrali wyposażonej w presostat,0,1,,1,"0 - brak; 1 - jest",,